UI,E1a,E2a,E3a,E4a,E5a,N1a,N2a,N3a,N4a,N5a,D1a,D2a,D3a,D4a,D5a,I1a,I2a,I3a,I4a,I5a,A1a,A2a,A3a,A4a,A5a,E1b,E2b,E3b,E4b,E5b,N1b,N2b,N3b,N4b,N5b,D1b,D2b,D3b,D4b,D5b,I1b,I2b,I3b,I4b,I5b,A1b,A2b,A3b,A4b,A5b,E1c,E2c,E3c,E4c,E5c,N1c,N2c,N3c,N4c,N5c,D1c,D2c,D3c,D4c,D5c,I1c,I2c,I3c,I4c,I5c,A1c,A2c,A3c,A4c,A5c,mean_target
10001,3,4,3,5,4,4,3,4,3,5,5,4,3,5,5,5,4,4,3,5,2,1,2,3,2,,,,,,,,,,,,,,,,,,,,,,,,,,,,,,,,,,,,,,,,,,,,,,,,,,,8.80
10002,3,2,2,3,5,3,3,3,2,4,2,3,3,4,4,2,1,1,1,4,3,3,4,3,2,4,3,3,4,4,3,3,3,2,4,3,4,3,4,4,2,2,1,1,4,3,2,4,3,2,,,,,,,,,,,,,,,,,,,,,,,,,,8.31
10003,1,2,2,2,2,1,2,2,1,2,2,2,2,2,2,2,1,2,2,2,2,2,2,1,2,1,1,2,2,1,1,1,1,1,1,1,1,1,1,1,1,1,1,1,1,5,5,1,1,2,2,3,3,2,3,1,2,2,3,3,3,3,3,2,3,3,3,2,1,3,3,2,3,3,2,4.89
10004,4,2,2,5,4,1,5,5,3,3,1,4,3,5,4,1,1,1,1,4,5,3,3,2,4,2,2,3,4,3,2,4,4,2,3,2,1,2,2,5,1,1,1,1,4,4,4,3,3,3,2,2,2,4,3,1,4,3,2,4,2,1,1,4,4,1,1,1,1,3,4,4,3,3,4,8.50
10005,2,1,2,2,3,2,3,1,1,4,1,3,2,3,3,2,1,2,1,4,1,2,4,1,3,3,3,3,3,3,3,3,3,3,3,3,3,3,3,3,3,3,3,3,3,3,3,3,3,3,3,2,2,2,3,3,2,2,3,3,2,3,2,3,4,2,2,2,2,4,1,2,2,1,1,6.13
10006,4,4,4,4,4,4,4,4,4,4,3,4,4,4,4,2,3,2,2,5,2,2,3,2,3,,,,,,,,,,,,,,,,,,,,,,,,,,5,4,3,4,5,4,5,5,5,4,3,4,5,4,4,3,3,1,2,3,1,2,2,1,3,7.67
10007,1,1,3,1,2,2,1,1,2,2,1,4,2,3,2,1,1,1,2,3,3,2,2,3,3,,,,,,,,,,,,,,,,,,,,,,,,,,2,2,2,2,3,2,2,2,2,2,3,2,2,2,3,1,2,2,2,2,3,3,1,4,2,6.63
10008,3,1,1,1,2,1,2,1,1,2,4,4,2,3,4,2,1,2,1,4,1,1,1,1,1,4,2,2,4,4,2,4,3,2,3,4,4,3,4,4,4,2,2,2,4,2,2,2,2,2,4,2,4,3,4,2,4,4,2,4,4,4,4,4,4,4,4,3,3,4,2,2,2,1,2,8.55
10009,3,2,2,3,4,2,2,2,3,4,3,3,3,3,4,3,2,2,2,4,2,2,3,2,2,3,2,2,4,4,2,2,2,2,4,2,3,3,3,4,3,2,2,2,4,2,1,2,2,2,,,,,,,,,,,,,,,,,,,,,,,,,,8.67
10010,2,3,3,3,3,2,2,4,3,3,2,3,2,3,3,2,3,2,3,2,2,2,2,2,2,3,5,3,4,3,4,3,4,4,4,3,3,3,4,3,3,2,2,2,4,3,2,3,3,3,3,3,3,3,3,3,3,3,3,3,3,3,3,3,4,3,3,3,3,3,3,3,3,3,3,6.56
10011,5,2,2,4,3,3,2,2,2,5,3,3,3,4,4,2,1,2,2,4,3,3,3,4,1,,,,,,,,,,,,,,,,,,,,,,,,,,,,,,,,,,,,,,,,,,,,,,,,,,,7.89
10012,4,3,2,4,4,4,5,3,4,4,3,3,2,4,5,2,2,1,1,4,1,1,1,2,3,5,4,4,5,5,4,4,4,3,5,2,3,3,3,5,3,2,1,1,5,2,2,2,2,3,3,4,3,3,4,4,5,5,5,4,2,4,3,4,4,1,2,1,1,3,2,1,2,1,2,8.50
10013,4,4,4,4,5,2,3,4,3,5,5,5,4,5,5,3,3,3,3,5,2,2,2,1,3,5,3,4,3,5,3,4,4,3,5,2,5,3,4,5,3,2,3,1,5,1,1,2,1,3,,,,,,,,,,,,,,,,,,,,,,,,,,6.89
10014,3,3,3,3,3,3,3,3,3,3,3,3,3,3,3,3,3,3,3,3,3,3,3,3,3,1,1,1,1,1,1,1,1,1,1,1,1,1,1,1,1,1,1,1,1,1,1,1,1,1,3,3,3,3,3,3,3,3,3,3,3,3,3,3,3,3,3,3,3,3,3,3,3,3,3,5.75
10015,3,3,4,4,5,5,2,4,5,4,3,4,4,5,5,3,1,1,2,5,1,1,4,2,1,,,,,,,,,,,,,,,,,,,,,,,,,,4,4,4,4,4,4,3,1,3,2,1,5,4,4,4,2,1,1,1,4,3,1,4,3,3,7.08
10016,4,3,3,3,3,3,3,3,4,3,3,4,3,4,4,4,4,4,4,5,2,2,2,2,3,4,3,2,4,5,3,3,3,3,5,5,4,5,4,5,4,4,3,3,5,1,2,4,4,4,3,3,3,5,5,3,3,4,2,4,5,5,5,5,5,3,4,4,4,5,2,2,4,3,3,5.67
10017,5,3,3,5,4,3,5,4,5,3,4,4,3,3,5,2,3,2,2,5,1,1,2,1,2,4,1,3,4,3,2,3,3,2,3,5,3,5,4,2,3,3,1,2,2,1,1,3,1,1,,,,,,,,,,,,,,,,,,,,,,,,,,7.64
10018,4,2,2,2,5,1,3,1,1,5,4,4,3,5,4,3,4,3,2,5,1,1,1,1,1,3,1,2,3,5,3,1,1,3,5,2,3,2,3,5,3,2,2,1,5,1,1,1,2,1,4,3,2,4,5,3,3,3,3,5,3,4,3,4,5,3,3,4,2,4,1,1,3,1,2,8.82
10019,3,3,3,4,5,3,4,4,3,4,1,3,3,4,5,3,2,2,1,3,2,2,2,4,3,4,3,4,5,5,3,4,4,3,5,1,4,3,3,5,4,1,1,1,5,2,2,2,2,1,4,3,3,4,5,3,5,4,2,5,1,5,3,4,5,2,2,1,1,5,2,2,2,2,3,7.64
10020,4,4,2,5,4,4,2,4,3,4,3,3,4,4,5,4,4,3,3,4,1,1,2,1,1,3,3,4,4,4,4,4,3,4,4,4,4,3,4,5,3,2,3,3,4,1,1,1,1,1,4,4,3,3,3,4,4,3,4,5,3,4,4,3,4,3,4,4,2,4,1,1,1,1,2,6.67
10021,3,3,4,4,5,4,3,2,4,4,4,3,1,3,5,2,1,2,2,5,1,1,3,1,1,4,3,4,4,4,4,3,4,4,4,2,4,2,3,4,2,2,1,1,3,1,1,1,1,1,3,3,4,4,5,3,3,3,4,5,2,3,3,2,4,2,2,2,2,5,1,1,1,1,1,8.70
10022,4,5,4,4,4,4,3,2,4,4,3,4,2,1,5,2,2,2,1,4,2,1,1,1,1,,,,,,,,,,,,,,,,,,,,,,,,,,3,3,3,2,1,3,1,2,3,4,1,4,4,5,5,1,1,1,1,5,2,3,2,2,2,7.13
10023,3,2,3,3,4,2,2,1,2,5,4,4,4,5,4,4,2,3,2,5,1,1,1,1,1,,,,,,,,,,,,,,,,,,,,,,,,,,3,1,2,4,4,3,3,2,4,4,4,3,3,4,4,3,3,3,2,5,1,2,2,2,3,7.22
10024,3,2,2,3,4,2,2,1,2,5,2,3,4,4,5,2,1,1,1,5,1,1,1,1,1,3,2,2,2,4,2,1,3,2,5,2,2,2,2,4,1,1,1,1,5,1,1,1,1,1,3,1,3,2,4,3,2,2,3,4,2,3,2,3,3,2,2,1,2,3,1,1,2,4,4,8.60
10025,4,3,1,2,3,3,1,1,3,4,2,1,2,3,4,2,2,1,1,3,3,5,4,5,4,4,1,2,2,2,2,2,3,3,1,2,3,2,2,2,2,2,1,2,2,2,4,3,2,3,4,1,3,1,2,1,4,3,1,1,3,3,2,2,1,1,1,1,1,1,3,4,2,3,4,8.22
10026,2,3,4,4,5,4,4,3,3,4,4,4,4,5,5,4,4,4,3,5,1,1,1,1,1,4,2,3,4,4,4,5,4,4,3,3,5,3,5,4,3,3,3,3,4,1,1,1,1,1,3,2,2,3,2,4,2,3,4,5,3,5,3,4,5,3,3,2,2,3,1,1,1,1,1,6.78
10027,3,2,2,3,4,3,4,3,3,4,4,3,3,4,4,2,1,2,2,3,2,2,3,2,2,4,1,1,2,1,4,4,3,4,5,3,2,2,3,3,2,1,2,1,3,3,2,2,3,2,3,2,2,2,3,4,3,2,3,3,2,2,2,4,4,2,2,1,2,3,2,2,4,2,3,6.25
10028,3,2,3,3,5,4,5,4,5,5,4,3,1,4,5,2,1,1,2,5,3,3,3,3,4,,,,,,,,,,,,,,,,,,,,,,,,,,3,3,3,3,3,3,3,3,3,3,3,3,3,3,3,3,3,3,3,3,3,3,3,3,3,6.70
10029,3,3,3,3,3,3,3,3,3,3,3,3,3,3,3,3,3,3,3,3,3,3,3,3,3,,,,,,,,,,,,,,,,,,,,,,,,,,,,,,,,,,,,,,,,,,,,,,,,,,,7.10
10030,3,5,4,3,3,3,2,3,2,3,3,3,3,2,3,3,2,1,2,3,3,3,4,2,3,3,5,2,1,3,2,2,2,2,3,3,2,2,4,3,1,1,1,1,3,4,2,3,2,3,,,,,,,,,,,,,,,,,,,,,,,,,,8.30
10031,5,4,2,4,4,4,5,4,5,4,5,3,4,5,5,3,4,4,4,4,2,1,2,2,1,4,4,4,4,4,4,4,4,4,4,4,4,4,5,4,4,3,3,3,4,2,2,4,2,2,4,3,4,4,4,4,2,4,4,2,4,3,3,4,5,3,3,3,4,5,2,2,2,2,2,6.00
10032,5,4,1,1,5,1,4,3,1,4,4,5,4,4,5,4,1,5,2,5,1,1,1,3,3,5,4,3,2,4,3,5,3,2,5,4,5,4,5,4,4,3,3,2,5,1,5,2,3,5,,,,,,,,,,,,,,,,,,,,,,,,,,5.38
10033,5,5,5,5,5,5,5,5,5,5,5,5,5,5,5,5,5,5,5,5,5,5,5,5,5,1,1,1,1,1,1,1,1,1,1,1,1,1,1,1,1,1,1,1,1,1,1,1,1,1,5,5,5,5,5,5,5,5,5,5,5,5,5,5,5,5,5,5,5,5,5,5,5,5,5,8.55
10034,1,1,1,1,3,3,1,1,5,4,4,5,4,4,5,4,4,4,3,5,1,1,2,1,1,4,1,1,1,4,3,3,1,4,4,4,4,4,1,4,4,4,3,3,4,1,1,1,1,1,3,1,1,1,5,2,3,1,2,5,5,5,5,5,5,4,4,4,3,5,1,1,1,1,1,8.80
10035,4,1,2,2,2,2,4,3,1,3,3,5,4,5,4,3,3,1,1,3,1,1,1,1,2,4,2,2,5,3,4,4,4,3,4,4,5,3,4,4,3,3,2,2,4,1,1,2,2,2,,,,,,,,,,,,,,,,,,,,,,,,,,7.70
10036,3,4,5,5,4,2,5,5,2,5,2,5,2,4,3,2,1,1,3,5,4,4,5,2,4,3,3,3,3,3,3,3,3,2,3,3,3,3,3,3,2,3,2,2,3,2,2,2,1,2,5,3,4,3,3,5,5,5,5,5,4,4,4,5,4,1,2,4,3,5,4,3,4,2,2,6.63
10037,5,5,5,5,5,5,3,5,4,5,4,4,2,5,5,3,1,2,2,5,1,1,1,1,1,,,,,,,,,,,,,,,,,,,,,,,,,,4,5,5,4,3,2,5,5,5,3,4,1,3,3,3,3,1,1,1,3,2,2,3,2,3,6.11
10038,3,2,2,3,4,3,4,4,3,4,3,2,2,4,3,2,2,2,1,4,3,3,3,4,2,4,2,4,5,4,4,5,4,4,4,3,4,3,4,3,3,2,3,3,4,2,2,2,3,4,4,4,4,4,4,4,4,4,3,4,3,4,4,4,3,3,3,2,2,3,2,2,2,3,3,7.23
10039,3,4,4,4,4,2,1,2,2,5,4,2,3,3,4,2,1,1,1,2,5,5,5,5,4,1,1,1,1,1,1,1,1,1,1,1,1,1,1,1,1,1,1,1,1,1,1,1,1,1,4,4,4,2,4,1,2,1,1,4,3,2,1,3,4,2,1,1,1,4,5,2,4,5,4,6.11
10040,3,2,1,3,3,3,3,2,2,4,4,4,4,4,4,2,3,3,2,3,1,1,1,1,2,,,,,,,,,,,,,,,,,,,,,,,,,,,,,,,,,,,,,,,,,,,,,,,,,,,6.44
10041,3,3,3,3,3,3,3,3,3,4,3,3,3,2,4,3,2,2,2,4,2,2,2,2,2,,,,,,,,,,,,,,,,,,,,,,,,,,3,2,2,2,3,2,2,3,3,1,3,3,2,2,3,2,1,1,2,3,2,2,3,2,2,7.60
10042,2,2,2,3,5,1,2,3,2,5,4,4,3,4,5,4,2,1,3,5,3,1,2,1,1,,,,,,,,,,,,,,,,,,,,,,,,,,3,1,2,1,2,2,3,2,2,3,3,2,3,3,3,3,2,1,1,5,3,3,2,2,2,8.60
10043,4,2,2,4,4,4,1,3,3,4,4,4,4,4,4,4,3,3,3,4,2,1,3,1,3,,,,,,,,,,,,,,,,,,,,,,,,,,3,3,3,3,4,2,2,2,2,5,4,5,4,3,4,4,4,2,3,4,1,1,1,1,2,6.71
10044,3,4,4,5,4,5,2,3,2,3,1,1,1,2,3,1,1,1,1,3,5,3,2,1,4,3,2,3,4,3,2,5,3,2,2,2,3,1,3,2,4,1,3,1,2,3,3,5,4,1,,,,,,,,,,,,,,,,,,,,,,,,,,6.56
10045,4,2,4,4,4,4,4,4,4,5,2,2,3,4,5,3,1,1,2,5,2,1,2,1,1,5,4,5,4,4,1,5,5,3,4,1,3,3,4,3,2,1,1,1,2,3,1,2,2,2,5,4,4,3,3,3,5,5,3,4,3,4,3,4,4,2,1,1,1,4,2,2,3,2,3,6.25
10046,3,4,3,3,5,4,1,1,4,3,3,4,3,2,4,2,1,2,1,2,4,3,3,3,4,,,,,,,,,,,,,,,,,,,,,,,,,,1,2,1,1,1,1,1,1,1,1,1,2,1,1,2,2,1,1,1,2,4,4,3,3,3,5.33
10047,4,5,2,1,2,2,1,1,2,3,2,2,1,1,3,3,1,1,1,2,3,4,3,2,4,2,5,4,2,2,3,1,2,3,4,3,2,3,3,4,2,1,2,1,3,3,4,2,2,3,4,5,2,3,4,2,4,3,1,4,3,2,2,3,5,3,1,1,1,4,1,1,1,1,1,6.67
10048,4,3,4,5,4,3,4,3,4,5,3,4,3,4,4,2,2,1,1,4,2,3,2,2,2,4,4,5,4,4,3,4,4,4,4,2,3,3,4,5,2,2,2,1,5,3,2,3,2,2,5,4,4,5,5,5,4,4,5,5,3,4,3,4,5,3,2,2,2,5,3,2,3,3,3,7.90
10049,4,4,4,5,4,3,3,3,3,4,4,4,4,5,5,4,2,3,2,4,2,2,4,2,4,,,,,,,,,,,,,,,,,,,,,,,,,,5,4,4,5,5,2,5,2,3,5,3,5,3,5,5,3,3,3,2,5,1,2,2,1,1,7.56
10050,4,2,1,2,4,3,1,1,3,5,4,3,3,4,5,1,1,1,1,5,2,1,1,1,1,,,,,,,,,,,,,,,,,,,,,,,,,,,,,,,,,,,,,,,,,,,,,,,,,,,8.36
10051,5,4,4,4,4,5,5,5,3,2,3,3,3,5,5,3,3,3,3,5,2,3,3,2,3,,,,,,,,,,,,,,,,,,,,,,,,,,,,,,,,,,,,,,,,,,,,,,,,,,,5.78
10052,3,2,2,4,3,3,2,2,3,4,4,4,3,4,4,3,2,1,2,3,1,1,1,2,2,,,,,,,,,,,,,,,,,,,,,,,,,,3,2,3,3,3,3,1,2,2,4,4,3,3,3,4,3,2,1,1,3,1,1,2,1,4,7.92
10053,3,1,2,2,3,2,2,3,1,1,3,2,1,3,1,2,1,1,1,3,2,2,2,1,3,3,3,3,3,3,3,3,3,3,3,3,3,3,3,3,3,3,3,3,3,3,3,3,3,3,2,1,2,2,5,4,4,3,2,5,4,2,3,3,5,2,1,1,1,5,1,1,1,1,2,7.15
10054,4,3,5,4,4,2,2,2,2,4,3,2,2,1,3,1,2,1,2,4,5,3,4,2,3,2,4,4,4,3,4,2,3,3,4,4,2,3,3,4,3,2,2,2,3,3,4,3,3,2,,,,,,,,,,,,,,,,,,,,,,,,,,6.11
10055,3,3,3,3,3,3,3,3,3,3,3,3,3,3,3,3,3,3,3,3,3,3,3,3,3,3,3,3,3,3,3,3,3,3,3,3,3,3,3,3,3,3,3,3,3,3,3,3,3,3,4,1,1,3,4,2,3,3,1,4,1,5,1,5,5,1,1,1,1,4,1,1,1,1,1,5.00
10056,1,2,2,3,2,2,3,4,2,4,4,5,4,4,4,3,2,1,1,4,1,1,4,1,1,4,1,2,3,3,3,3,2,4,4,3,4,4,5,3,4,1,1,2,5,1,1,2,1,2,3,2,4,2,4,3,4,2,2,3,4,5,4,4,3,4,1,1,1,5,1,1,1,1,1,7.42
10057,3,1,5,3,5,3,5,5,3,5,5,5,5,5,5,5,4,3,3,5,1,1,1,1,1,3,3,3,3,3,3,3,3,3,3,3,3,3,3,3,3,3,3,3,3,3,3,3,3,3,,,,,,,,,,,,,,,,,,,,,,,,,,6.33
10058,2,5,3,4,4,3,1,2,3,5,4,3,3,3,4,3,3,3,3,4,2,3,2,3,2,,,,,,,,,,,,,,,,,,,,,,,,,,,,,,,,,,,,,,,,,,,,,,,,,,,6.67
10059,3,1,4,2,3,2,2,1,3,4,3,3,3,4,4,4,3,3,3,4,2,1,2,1,3,4,4,3,4,3,3,1,3,3,2,3,2,3,2,4,2,2,2,2,3,3,2,2,1,2,,,,,,,,,,,,,,,,,,,,,,,,,,7.13
10060,3,3,3,3,3,3,2,2,3,3,3,3,3,2,4,3,2,2,2,2,2,1,2,1,4,3,2,3,3,4,4,3,3,4,4,3,3,3,3,4,2,2,2,2,4,2,2,2,1,2,3,3,3,3,4,4,2,2,4,4,3,3,3,4,4,2,2,3,2,4,1,1,2,1,1,8.55
10061,3,2,4,2,3,3,2,3,3,5,3,4,4,4,5,3,3,2,2,4,2,4,3,3,4,3,4,3,3,4,3,2,1,4,4,4,4,4,4,5,4,3,2,2,4,2,2,2,2,2,,,,,,,,,,,,,,,,,,,,,,,,,,6.56
10062,3,3,4,4,3,3,3,3,1,3,3,3,3,3,3,3,3,3,3,4,2,1,3,2,3,3,3,3,3,3,3,3,2,4,3,3,3,2,3,3,3,2,3,3,3,2,3,4,3,3,,,,,,,,,,,,,,,,,,,,,,,,,,6.20
10063,3,4,4,4,4,4,4,3,4,4,4,3,4,3,4,2,1,1,3,4,4,3,3,3,4,4,3,4,4,3,4,5,4,4,2,4,2,2,2,4,2,1,1,2,2,3,2,2,3,2,4,4,4,5,4,3,5,4,3,4,3,4,3,4,4,2,2,1,1,4,3,3,2,2,3,6.00
10064,3,3,3,3,3,3,3,3,3,3,3,3,3,3,3,3,3,3,3,3,3,3,3,3,3,3,3,3,3,3,3,3,3,3,3,3,3,3,3,3,3,3,3,3,3,3,3,3,3,3,3,3,3,2,3,3,4,3,2,3,3,3,2,3,4,2,2,3,2,2,2,2,2,2,2,6.25
10065,3,5,2,2,3,4,1,2,1,5,2,2,3,4,3,1,1,1,1,4,5,4,4,3,3,,,,,,,,,,,,,,,,,,,,,,,,,,3,4,4,4,4,3,2,4,3,3,4,4,4,4,4,4,2,3,2,4,2,4,4,3,3,6.33
10066,5,5,5,5,5,4,4,4,5,5,4,3,4,5,5,2,2,2,1,5,3,3,4,1,1,5,5,5,5,4,5,4,4,5,4,3,2,3,3,4,2,2,2,2,4,3,3,3,3,4,3,4,3,4,5,3,2,3,3,4,4,5,4,5,5,5,5,5,4,5,1,1,1,1,2,8.30
10067,3,4,5,4,5,4,3,3,2,5,1,3,2,1,5,3,2,1,1,5,4,1,2,1,2,,,,,,,,,,,,,,,,,,,,,,,,,,,,,,,,,,,,,,,,,,,,,,,,,,,7.56
10068,3,5,4,5,4,3,3,3,3,4,4,3,3,4,4,3,2,2,1,4,3,4,2,3,2,,,,,,,,,,,,,,,,,,,,,,,,,,,,,,,,,,,,,,,,,,,,,,,,,,,6.92
10069,3,2,2,4,5,4,5,5,4,5,3,4,4,5,5,3,2,1,1,5,4,2,3,1,2,4,4,5,4,4,3,3,4,3,4,2,2,2,3,4,1,1,1,1,4,3,3,4,2,3,3,3,3,2,5,3,4,4,3,5,4,4,4,5,5,2,1,2,2,4,1,2,3,1,2,7.60
10070,5,4,4,4,4,4,4,4,4,5,3,3,3,5,5,3,1,1,1,4,2,2,2,1,4,4,3,4,4,5,3,4,3,4,5,4,3,2,3,5,2,1,1,1,4,1,1,2,1,1,,,,,,,,,,,,,,,,,,,,,,,,,,7.42
10071,1,5,4,3,4,1,1,1,1,3,4,4,4,3,4,3,1,1,1,3,5,5,5,5,4,3,5,5,4,3,3,1,3,2,4,3,3,3,4,3,3,3,1,2,3,5,2,5,3,3,3,4,4,5,4,2,3,2,3,4,4,4,3,4,5,4,3,2,1,5,5,3,2,3,3,7.70
10072,3,3,4,4,4,4,4,3,5,4,4,5,3,5,5,4,3,3,2,4,1,5,2,1,2,3,2,2,3,3,4,3,4,3,4,3,5,3,4,4,3,3,2,2,4,1,1,1,1,2,3,2,3,4,4,4,4,3,3,4,3,4,4,5,4,3,3,1,2,4,1,1,1,1,2,6.11
10073,5,2,2,4,5,5,5,5,5,5,3,4,3,4,5,3,3,1,2,5,1,1,1,1,3,5,4,4,4,5,5,5,5,4,5,3,3,3,3,3,3,2,2,2,4,3,3,3,3,3,,,,,,,,,,,,,,,,,,,,,,,,,,8.55
10074,4,5,5,1,3,1,1,1,1,2,1,1,1,1,3,1,1,1,1,2,3,3,1,1,2,1,5,1,1,1,1,1,1,1,1,1,1,1,1,1,1,1,1,1,1,5,5,1,1,1,2,5,3,1,1,1,1,1,1,1,1,1,1,1,1,1,1,1,1,1,5,1,2,1,4,7.00
10075,3,3,3,4,4,4,4,4,4,4,5,4,4,4,5,4,2,2,2,5,2,2,2,2,1,4,3,4,4,4,5,5,4,4,5,4,5,4,4,5,3,2,1,2,5,1,1,2,1,1,5,2,2,4,5,4,4,5,4,5,5,5,4,5,5,4,3,2,2,5,1,1,2,1,1,5.25
10076,3,1,2,3,4,2,2,2,1,3,4,3,2,3,4,3,1,1,2,4,1,1,3,2,1,2,1,2,2,4,3,3,3,3,4,4,3,2,3,4,2,2,3,2,5,1,1,2,2,2,4,2,2,3,4,2,3,2,2,4,3,2,3,2,4,2,2,2,2,4,2,1,2,3,1,5.38
10077,5,1,4,5,5,5,4,4,5,4,4,5,4,4,4,2,4,2,1,3,1,2,3,3,3,,,,,,,,,,,,,,,,,,,,,,,,,,5,2,3,5,5,5,5,5,4,5,4,4,3,3,5,2,2,1,3,4,2,1,5,3,4,8.82
10078,3,3,3,3,5,1,3,3,1,5,4,4,4,4,5,5,1,1,1,5,2,1,2,2,5,,,,,,,,,,,,,,,,,,,,,,,,,,3,3,3,3,4,2,4,4,2,5,2,4,4,4,5,3,2,1,2,5,2,2,2,2,2,7.25
10079,3,2,2,4,3,3,3,4,4,4,4,3,3,4,5,3,4,2,3,5,2,1,4,1,1,3,2,2,3,4,4,4,3,2,5,2,3,3,4,4,2,1,1,2,4,1,2,2,2,2,3,1,2,2,4,3,4,3,3,5,3,5,3,4,5,4,3,3,4,5,1,1,2,2,1,7.36
10080,2,2,3,3,2,3,2,4,3,2,2,3,3,3,3,4,1,1,1,3,5,3,5,4,4,,,,,,,,,,,,,,,,,,,,,,,,,,2,2,2,3,3,3,3,3,2,2,3,2,3,2,2,2,2,1,2,2,2,3,4,3,3,8.58
10081,3,3,3,3,3,3,3,3,3,3,2,4,2,2,4,2,2,1,5,4,2,3,4,2,3,2,4,4,5,3,5,1,1,4,5,4,5,4,5,5,1,1,1,1,5,3,2,3,2,2,3,3,4,5,3,4,3,4,3,2,3,4,3,2,4,2,2,1,1,4,2,1,4,2,2,7.55
10082,1,1,1,1,1,1,1,1,1,1,1,1,1,1,1,1,1,1,1,1,1,1,1,1,1,5,5,4,5,5,4,5,4,4,5,5,5,4,5,4,5,5,4,5,5,5,2,4,4,5,,,,,,,,,,,,,,,,,,,,,,,,,,5.13
10083,4,2,4,4,4,4,4,3,5,4,2,2,3,3,4,2,1,1,1,3,2,1,3,4,2,4,1,4,4,4,4,3,3,5,5,4,3,3,2,5,1,2,1,2,4,1,1,2,1,1,3,3,4,4,4,3,3,3,4,4,3,2,2,2,4,2,1,1,1,2,1,1,3,1,1,7.40
10084,4,4,5,3,5,3,2,4,3,5,4,4,4,3,4,3,2,2,1,4,1,1,1,1,2,3,5,3,5,5,3,5,3,4,3,3,4,3,3,3,3,3,3,3,5,3,4,3,3,3,,,,,,,,,,,,,,,,,,,,,,,,,,6.22
10085,4,5,4,3,4,2,2,1,2,3,1,3,3,3,4,1,1,1,1,4,2,3,1,3,3,4,2,4,3,3,4,2,3,2,4,2,3,4,3,4,2,1,1,1,4,2,1,2,1,1,,,,,,,,,,,,,,,,,,,,,,,,,,5.88
10086,2,1,2,2,2,2,1,1,1,2,4,4,3,4,2,3,3,2,3,2,1,1,1,1,1,2,2,2,2,3,2,1,1,2,4,3,2,2,3,5,2,2,2,2,4,1,1,1,1,1,,,,,,,,,,,,,,,,,,,,,,,,,,6.40
10087,5,1,1,1,5,5,5,5,3,5,4,4,4,4,5,5,4,5,5,5,2,2,4,2,2,4,3,3,2,4,3,3,5,4,4,5,4,4,5,4,5,4,3,4,4,2,2,4,2,2,5,5,4,4,1,5,1,5,5,2,5,5,4,5,5,4,1,5,2,5,4,1,4,1,1,6.60
10088,3,3,3,2,3,2,3,4,1,4,5,2,3,3,4,2,2,2,1,3,2,2,3,2,2,2,2,1,2,3,2,3,4,1,4,3,2,2,3,4,2,1,1,2,4,1,2,2,2,1,,,,,,,,,,,,,,,,,,,,,,,,,,6.25
10089,1,1,1,1,3,1,1,2,1,3,2,1,1,1,3,1,1,1,1,2,5,4,4,5,4,,,,,,,,,,,,,,,,,,,,,,,,,,1,5,3,3,1,1,1,1,1,1,1,1,1,1,1,1,1,1,1,1,5,5,2,5,5,5.57
10090,3,3,3,3,3,1,2,2,2,3,3,2,1,1,3,3,2,1,1,2,2,3,3,2,2,3,3,3,3,4,2,2,2,2,4,3,3,2,2,4,2,1,1,1,4,2,2,2,2,2,4,1,2,3,3,2,2,3,2,4,4,3,3,3,5,2,2,1,1,4,1,1,2,1,2,7.18
10091,4,4,4,5,4,2,4,3,5,5,3,4,3,4,5,3,3,3,2,4,3,2,2,2,2,,,,,,,,,,,,,,,,,,,,,,,,,,5,3,3,3,5,5,4,5,3,5,3,5,4,5,5,4,4,2,3,5,2,1,5,1,3,7.25
10092,4,2,4,3,5,2,3,1,3,4,3,4,4,5,4,3,3,2,2,4,1,1,2,2,1,3,2,3,3,4,3,2,2,2,3,4,4,3,4,4,3,2,2,2,4,1,1,1,1,1,3,2,2,3,3,3,3,3,4,3,3,4,3,4,5,3,2,2,1,4,2,1,2,1,1,7.33
10093,5,1,1,4,5,1,2,3,2,5,4,3,4,5,5,3,3,3,3,5,3,1,3,1,3,4,2,3,3,5,2,4,4,2,3,4,5,4,4,5,3,4,3,3,5,1,1,3,2,2,,,,,,,,,,,,,,,,,,,,,,,,,,6.13
10094,2,1,1,2,2,2,1,1,1,3,2,2,2,2,3,2,2,1,2,2,4,4,3,4,3,1,1,2,1,2,1,1,1,1,2,2,1,1,1,2,1,1,1,1,1,5,5,2,5,2,2,1,2,2,3,1,2,1,2,2,2,1,2,2,3,2,1,1,1,2,5,5,3,4,3,5.44
10095,2,3,3,3,3,3,4,3,2,3,3,4,3,3,3,2,2,3,2,4,3,3,3,3,5,,,,,,,,,,,,,,,,,,,,,,,,,,,,,,,,,,,,,,,,,,,,,,,,,,,5.29
10096,5,4,3,2,4,2,4,3,2,4,4,3,2,5,4,3,1,1,1,5,2,2,3,2,2,,,,,,,,,,,,,,,,,,,,,,,,,,,,,,,,,,,,,,,,,,,,,,,,,,,7.75
10097,3,3,4,4,4,3,3,3,2,4,3,2,4,5,4,3,1,1,1,4,2,4,2,1,2,,,,,,,,,,,,,,,,,,,,,,,,,,3,3,3,3,4,3,2,3,2,2,4,4,3,4,4,2,2,1,2,4,2,2,3,2,2,5.67
10098,2,4,2,3,3,3,2,3,2,3,2,2,3,3,3,2,3,1,3,2,1,3,4,2,4,2,2,3,2,2,2,2,2,1,2,2,2,2,2,2,2,2,2,2,2,2,2,2,2,2,,,,,,,,,,,,,,,,,,,,,,,,,,5.13
10099,3,2,2,2,3,1,3,2,1,4,4,4,2,4,5,3,1,1,2,4,1,1,1,1,1,4,2,3,3,3,3,2,3,2,4,4,4,4,4,4,3,2,1,1,4,2,1,2,2,2,3,2,3,3,3,2,2,2,2,4,4,4,3,4,4,3,3,1,1,3,2,2,2,2,3,6.75
10100,5,4,3,4,3,2,1,1,2,4,4,3,3,3,5,2,2,2,1,3,2,4,3,2,2,5,4,4,3,5,4,2,2,2,3,4,4,3,3,5,2,1,1,1,5,2,2,3,2,3,,,,,,,,,,,,,,,,,,,,,,,,,,6.88
10101,5,3,3,4,4,5,4,3,4,4,2,3,3,3,4,4,2,2,2,5,1,1,4,2,2,3,3,4,4,3,4,2,3,4,4,2,4,4,2,4,3,2,1,2,2,1,2,5,2,2,5,2,3,4,4,4,3,4,4,4,4,4,4,3,4,3,2,2,2,3,2,2,4,1,1,8.50
10102,4,3,3,4,4,4,3,4,3,4,4,5,5,5,4,4,4,3,3,4,2,1,3,2,2,,,,,,,,,,,,,,,,,,,,,,,,,,3,2,4,4,4,4,3,2,4,4,3,4,3,5,3,3,3,3,3,4,1,1,4,1,2,8.36
10103,4,1,3,3,4,1,3,1,1,5,4,3,5,5,5,3,2,2,1,5,1,1,2,2,1,5,4,5,4,5,3,4,4,5,5,5,5,4,4,5,3,1,1,1,5,2,2,3,3,3,5,3,5,5,5,5,5,4,2,5,5,5,5,5,5,3,1,1,1,5,2,2,2,1,1,7.77
10104,1,4,4,3,2,2,1,1,2,5,5,4,5,3,5,5,5,4,4,5,1,1,2,1,1,,,,,,,,,,,,,,,,,,,,,,,,,,3,1,3,4,4,3,1,1,1,5,5,5,4,4,5,4,4,3,3,5,1,1,1,1,1,7.80
10105,3,2,2,3,3,2,3,2,2,4,4,4,4,4,4,4,3,3,3,4,2,3,2,2,2,3,3,4,4,4,2,3,2,2,4,3,4,4,3,3,3,4,4,2,4,2,2,4,3,3,,,,,,,,,,,,,,,,,,,,,,,,,,6.67
10106,3,4,4,4,4,3,3,3,3,4,3,4,4,4,4,3,2,2,2,4,4,3,4,2,3,4,3,4,4,4,2,2,3,2,4,4,3,3,4,4,3,3,2,3,4,2,2,2,1,2,3,3,3,4,4,3,2,3,2,4,3,4,4,4,4,3,3,2,2,4,1,1,2,1,2,7.00
10107,3,1,3,4,5,3,4,4,4,4,5,5,5,5,5,5,4,4,4,5,1,1,1,1,1,4,1,2,1,4,2,3,4,3,4,5,4,4,4,4,4,4,5,5,5,1,1,1,1,1,,,,,,,,,,,,,,,,,,,,,,,,,,7.75
10108,3,2,3,2,3,2,2,2,1,3,2,3,2,3,4,2,1,1,1,2,1,2,1,1,1,,,,,,,,,,,,,,,,,,,,,,,,,,3,3,3,2,4,3,3,3,2,4,2,4,3,4,4,1,1,1,1,4,3,2,2,1,2,7.92
10109,3,4,4,4,3,3,2,1,3,3,2,2,2,2,3,3,3,1,1,3,4,2,2,3,4,1,1,3,3,2,2,1,1,1,3,1,1,1,1,3,1,1,1,1,3,5,4,4,5,2,1,4,4,4,3,2,2,2,2,2,3,1,1,2,2,1,1,1,1,3,4,3,2,3,3,8.30
10110,3,2,3,2,4,3,2,2,2,5,4,5,4,5,4,2,3,2,2,5,2,1,1,1,1,3,1,2,2,3,3,3,4,3,4,3,3,4,5,5,2,1,1,1,5,2,2,2,2,1,,,,,,,,,,,,,,,,,,,,,,,,,,6.44
10111,4,2,2,3,4,2,2,2,1,4,1,3,2,2,5,1,1,1,1,4,3,2,3,2,1,3,2,4,1,2,1,1,1,1,3,1,3,1,3,4,1,1,1,2,2,4,1,4,1,3,4,1,3,2,3,1,2,3,1,4,1,3,2,3,4,1,1,1,1,3,3,2,4,2,3,7.64
10112,3,3,3,3,3,2,2,1,1,4,3,2,2,4,3,2,1,1,1,3,1,2,1,1,2,3,3,3,3,3,3,3,3,3,3,3,3,3,3,3,3,3,3,3,3,3,3,3,3,3,3,3,3,3,4,3,2,3,2,4,3,3,3,3,4,3,4,1,1,3,3,3,4,3,2,6.00
10113,4,3,3,3,4,3,3,4,4,4,4,4,3,3,4,4,3,3,3,4,2,2,3,3,2,3,3,3,3,4,3,3,3,3,4,3,4,3,3,4,3,2,3,3,4,2,2,2,2,3,3,3,3,3,3,3,3,3,3,4,3,3,3,3,4,3,3,2,2,4,2,2,3,2,2,6.92
10114,4,2,3,4,4,4,3,4,3,5,4,3,4,4,5,3,1,1,2,4,2,1,3,2,2,,,,,,,,,,,,,,,,,,,,,,,,,,,,,,,,,,,,,,,,,,,,,,,,,,,6.75
10115,3,3,2,3,4,5,4,3,3,3,2,3,3,3,3,3,2,3,3,3,3,4,3,3,4,3,3,3,3,5,5,1,3,4,4,1,3,4,4,5,1,1,1,1,5,3,2,2,1,4,4,1,2,3,5,5,5,5,4,5,2,5,3,4,5,3,3,2,3,5,3,3,2,3,5,8.10
10116,4,3,3,4,4,2,4,5,3,4,3,4,4,5,5,3,3,3,3,4,1,1,3,2,1,3,3,3,3,4,3,4,5,2,5,3,4,3,4,5,3,3,2,3,4,2,1,3,2,2,3,2,4,4,4,2,3,4,2,5,3,3,3,4,5,3,2,3,3,5,1,1,2,3,2,7.90
10117,4,4,4,4,4,5,5,5,4,4,2,4,3,4,4,3,2,1,2,4,3,3,2,1,3,,,,,,,,,,,,,,,,,,,,,,,,,,5,4,4,5,5,4,4,5,4,5,2,5,4,5,5,3,2,3,2,4,1,1,2,2,2,7.55
10118,4,3,3,4,4,4,4,4,4,4,3,4,3,3,5,4,4,3,3,4,2,1,2,2,2,4,3,4,4,4,4,4,4,4,4,3,4,4,3,4,3,3,3,3,4,2,2,2,2,3,4,3,3,4,5,4,5,4,4,5,3,4,3,3,5,3,3,3,3,5,2,1,1,2,1,6.80
10119,4,3,4,4,4,2,2,2,2,4,3,2,1,3,5,2,1,2,1,4,1,1,1,1,2,3,3,3,4,4,3,3,2,4,5,2,2,2,3,5,2,1,1,2,5,2,2,2,1,3,,,,,,,,,,,,,,,,,,,,,,,,,,7.30
10120,4,3,3,3,3,2,1,2,2,3,3,3,3,3,5,4,2,2,2,3,1,1,1,1,2,,,,,,,,,,,,,,,,,,,,,,,,,,,,,,,,,,,,,,,,,,,,,,,,,,,6.56
10121,3,3,5,5,5,3,4,3,4,1,1,2,2,4,3,5,1,1,1,3,2,1,5,3,2,5,3,3,5,5,1,2,4,4,4,1,3,2,4,5,2,3,1,3,5,1,3,4,3,2,3,2,3,2,4,3,3,3,5,5,2,1,4,3,3,2,3,1,3,4,1,1,2,4,4,6.25
10122,2,2,2,3,3,2,3,3,5,3,3,5,4,4,5,4,2,2,2,5,1,1,1,1,2,3,2,3,3,5,3,4,4,4,5,3,5,5,5,5,4,2,2,3,5,1,1,1,1,1,4,3,3,3,5,1,4,3,3,5,3,4,4,5,5,4,2,2,1,5,1,1,1,1,1,6.11
10123,3,1,3,1,2,1,3,2,2,3,4,3,1,4,4,4,2,2,1,4,1,1,1,1,1,2,1,3,3,3,3,3,1,4,4,4,4,3,5,3,3,3,3,2,4,1,1,2,2,2,4,2,4,4,2,3,4,4,3,3,3,3,4,4,5,3,3,2,2,3,1,1,2,1,1,8.30
10124,2,5,5,3,5,3,5,5,4,4,3,4,4,3,5,5,1,2,1,5,3,3,3,5,4,,,,,,,,,,,,,,,,,,,,,,,,,,2,5,4,5,2,3,3,2,1,5,2,2,4,3,5,5,1,1,1,5,1,1,3,5,4,4.75
10125,3,2,3,3,3,2,3,3,3,3,4,4,4,5,4,3,2,3,2,3,2,2,2,2,2,3,2,1,2,2,1,2,2,2,3,2,1,2,2,2,1,1,1,2,2,3,3,3,3,3,2,2,2,2,3,2,2,2,2,3,2,2,1,2,3,1,1,1,1,3,3,4,4,3,3,6.75
10126,5,4,3,4,5,5,5,5,5,5,3,5,4,4,5,4,4,3,3,5,2,1,2,3,2,3,4,5,5,5,5,5,5,5,5,4,4,4,5,5,2,4,2,2,5,1,1,2,1,1,5,4,4,5,4,4,5,5,5,5,2,4,4,4,4,2,3,3,3,5,1,1,1,1,2,6.89
10127,2,2,5,4,3,3,4,3,4,5,5,5,4,5,5,4,5,5,4,5,2,1,2,2,1,,,,,,,,,,,,,,,,,,,,,,,,,,3,3,4,3,3,2,5,3,3,5,3,3,3,5,3,4,3,2,1,5,3,1,1,2,1,7.45
10128,4,4,4,3,3,4,1,3,4,3,4,2,2,4,5,3,2,3,2,4,1,1,2,3,1,,,,,,,,,,,,,,,,,,,,,,,,,,4,4,4,3,4,3,4,3,3,5,3,3,2,2,3,3,2,3,2,4,2,2,1,2,2,6.00
10129,2,5,5,4,3,1,1,2,1,3,4,2,2,4,3,1,1,1,1,4,5,4,5,3,5,2,5,5,5,4,1,1,1,1,4,1,1,1,3,4,1,1,1,1,4,5,5,5,5,5,2,5,5,5,3,1,1,1,1,3,2,3,2,3,3,1,1,1,1,3,5,5,5,5,5,8.36
10130,2,2,2,3,4,3,3,3,4,2,3,3,3,4,2,3,1,1,1,4,3,4,4,4,4,2,2,2,2,4,3,2,3,2,3,3,2,2,3,3,3,2,2,2,3,2,3,3,2,3,3,2,2,3,4,3,2,2,4,4,3,3,2,3,3,2,2,2,2,2,2,4,4,3,3,7.50
10131,1,1,1,1,5,1,1,1,1,4,3,3,2,5,5,4,1,1,1,5,3,3,2,1,4,3,4,4,3,3,1,1,1,1,3,1,1,1,2,3,1,1,1,1,4,3,1,2,3,3,3,2,3,3,4,1,2,1,1,4,2,2,1,4,4,1,1,1,2,5,3,3,1,1,4,5.44
10132,5,5,4,4,3,3,3,2,4,4,1,3,3,3,4,1,2,1,1,3,2,3,4,5,3,3,1,1,2,1,1,5,1,1,2,1,2,1,3,3,1,1,1,1,1,5,1,1,5,1,3,3,3,3,3,3,3,3,3,3,3,3,3,3,3,3,3,4,3,3,3,3,3,3,3,5.78
10133,3,3,3,2,5,3,1,2,3,5,4,3,3,4,5,2,2,2,2,5,3,1,3,1,2,2,2,3,3,3,1,1,3,2,3,3,3,3,3,4,3,2,1,1,3,3,3,2,2,4,,,,,,,,,,,,,,,,,,,,,,,,,,5.29
10134,4,3,3,2,3,2,2,3,2,4,3,4,3,4,4,2,2,2,2,3,2,2,2,2,2,,,,,,,,,,,,,,,,,,,,,,,,,,,,,,,,,,,,,,,,,,,,,,,,,,,6.57
10135,3,2,2,4,4,3,4,3,3,4,2,3,4,3,4,2,1,1,1,4,3,3,3,1,3,,,,,,,,,,,,,,,,,,,,,,,,,,3,2,2,3,4,4,3,4,3,4,2,4,5,4,4,2,1,1,1,4,1,1,3,1,2,8.20
10136,2,1,2,2,3,2,3,3,2,2,1,2,1,2,2,1,1,1,1,2,4,5,3,3,4,,,,,,,,,,,,,,,,,,,,,,,,,,,,,,,,,,,,,,,,,,,,,,,,,,,6.56
10137,5,2,3,5,5,4,3,3,4,5,4,5,5,5,5,4,3,3,3,5,1,1,3,1,2,,,,,,,,,,,,,,,,,,,,,,,,,,3,3,4,4,4,3,4,4,4,5,4,4,4,5,5,4,2,3,2,5,1,1,1,1,1,7.08
10138,3,3,3,3,5,3,4,5,4,5,4,4,4,4,5,2,3,2,3,4,3,1,3,1,2,4,4,3,4,5,4,3,3,4,4,3,4,4,3,4,2,2,1,2,4,3,2,3,2,3,3,4,3,3,4,4,3,3,4,3,4,5,4,4,4,2,3,2,2,3,3,2,3,3,2,8.08
10139,3,3,3,4,3,3,3,3,3,4,4,3,4,4,4,3,3,3,3,3,1,2,2,2,2,3,3,3,4,3,3,3,3,3,4,3,3,3,3,4,3,3,3,3,4,1,3,3,2,2,3,3,4,4,4,4,4,3,4,4,4,3,3,4,4,3,4,4,4,4,4,4,4,4,4,6.44
10140,4,2,1,2,3,2,4,4,3,5,2,5,4,4,4,2,1,1,1,3,1,1,2,1,2,,,,,,,,,,,,,,,,,,,,,,,,,,4,4,4,4,5,4,5,5,3,5,4,4,4,5,5,3,3,2,1,5,1,2,2,1,5,6.00
10141,3,2,2,2,4,3,3,4,3,4,4,3,4,4,4,3,2,2,2,4,2,2,2,2,2,2,5,4,4,5,2,3,4,4,4,2,4,2,2,4,5,1,3,1,2,4,3,2,4,4,,,,,,,,,,,,,,,,,,,,,,,,,,6.89
10142,2,1,1,1,1,1,1,1,1,1,1,1,2,2,1,1,1,1,1,1,5,4,3,4,4,1,1,1,1,1,1,1,1,1,1,1,1,1,1,1,1,1,1,1,1,4,4,3,4,1,1,1,1,1,1,1,1,1,1,1,1,1,1,1,1,1,1,1,1,1,5,5,1,4,3,6.00
10143,2,5,4,4,3,4,1,2,3,3,2,3,3,3,4,2,1,1,1,3,3,3,4,2,2,,,,,,,,,,,,,,,,,,,,,,,,,,,,,,,,,,,,,,,,,,,,,,,,,,,8.11
10144,4,4,4,4,4,2,2,2,2,4,4,3,3,3,4,3,3,2,1,4,2,1,3,2,3,4,3,4,2,4,2,2,2,3,4,4,3,3,3,4,3,2,3,2,4,2,1,2,2,2,3,3,2,3,4,2,4,4,2,5,2,3,2,3,5,4,2,2,2,4,1,2,2,2,3,7.25
10145,4,1,4,2,4,4,5,4,1,4,3,3,1,4,4,1,1,1,1,4,5,5,5,5,5,3,3,3,3,3,3,4,3,3,3,3,3,3,3,3,3,3,3,3,3,3,3,3,3,3,3,3,3,4,3,5,4,3,4,3,4,4,3,2,3,2,3,1,2,3,2,1,3,3,4,5.89
10146,3,1,2,3,3,2,2,2,2,3,3,2,2,3,3,2,2,2,2,3,3,2,2,1,2,2,1,1,1,2,1,1,1,1,3,3,2,2,1,2,1,1,1,1,3,3,3,1,1,1,3,2,1,1,3,1,2,1,1,1,3,3,2,2,4,2,1,1,1,3,3,3,3,2,3,5.89
10147,3,2,1,2,3,2,2,2,1,4,3,5,4,3,5,3,4,2,3,5,1,1,2,1,1,2,2,2,2,4,3,4,2,2,4,3,3,4,3,4,3,1,2,1,4,2,2,2,1,2,3,3,3,3,4,4,4,4,2,5,4,4,3,3,4,3,3,2,2,5,2,1,3,2,2,8.64
10148,3,4,4,4,1,1,4,2,1,3,4,3,4,3,4,3,3,2,2,1,4,4,3,3,2,,,,,,,,,,,,,,,,,,,,,,,,,,2,3,3,2,1,1,1,1,1,1,3,2,2,3,1,1,1,1,1,1,2,5,3,3,2,7.11
10149,3,2,2,2,4,4,4,2,4,4,3,1,4,3,4,4,4,2,1,4,3,2,2,2,3,3,4,2,3,4,3,3,3,2,4,4,3,3,3,4,2,3,2,2,4,3,3,3,2,2,3,2,2,4,4,4,3,3,4,4,4,3,3,3,3,3,3,3,2,4,2,2,3,3,3,6.33
10150,2,3,3,3,4,2,3,2,2,2,2,2,4,4,4,1,1,2,2,4,1,1,2,2,2,4,4,3,4,4,3,4,4,3,4,4,4,4,4,4,3,2,2,2,4,1,1,2,2,2,3,2,3,2,4,2,2,2,1,4,3,3,3,4,4,2,2,2,2,4,1,1,3,1,1,8.08
10151,2,4,4,4,2,2,1,1,1,3,2,1,2,2,2,1,1,1,1,3,4,4,4,4,3,,,,,,,,,,,,,,,,,,,,,,,,,,,,,,,,,,,,,,,,,,,,,,,,,,,7.00
10152,4,4,3,4,4,4,4,4,3,4,3,3,3,4,4,2,1,1,1,4,2,1,1,2,2,,,,,,,,,,,,,,,,,,,,,,,,,,3,1,1,3,5,3,5,3,4,4,4,3,3,3,5,2,1,2,1,3,1,4,1,1,2,6.67
10153,4,4,4,4,4,3,4,4,3,3,3,4,3,4,4,3,2,2,2,3,2,2,3,2,3,4,4,5,5,3,3,5,4,4,4,3,3,3,4,4,3,3,3,1,4,2,3,3,3,2,3,4,3,4,4,3,5,5,3,4,4,4,2,4,5,4,3,1,1,4,3,2,4,2,3,7.27
10154,5,2,2,4,4,4,4,4,4,4,4,2,2,2,4,3,2,3,3,4,1,2,2,1,2,4,3,3,4,4,4,4,4,4,5,3,2,3,3,5,2,2,2,2,5,2,2,2,1,2,4,3,3,4,5,4,4,4,4,5,3,3,3,3,5,3,3,2,2,5,2,2,2,2,2,7.36
10155,4,2,5,4,4,1,3,2,3,3,3,3,5,5,4,2,1,1,1,4,1,2,2,5,2,4,4,4,4,5,1,4,3,1,4,2,3,4,4,5,2,1,1,1,5,3,2,3,2,2,4,2,3,3,4,3,4,3,3,3,3,4,4,5,5,2,1,1,1,3,2,1,1,1,1,8.08
10156,3,3,3,3,3,2,3,4,3,4,3,3,3,3,3,3,2,2,3,3,2,2,2,3,2,4,2,3,3,4,3,3,3,3,3,4,4,3,4,3,3,2,2,2,3,2,2,3,2,2,3,3,3,3,3,2,2,2,3,3,3,3,3,3,3,3,3,2,3,3,2,2,2,2,2,7.70
10157,3,3,3,3,4,4,3,2,4,4,3,3,3,3,4,2,1,2,1,4,2,3,3,3,3,,,,,,,,,,,,,,,,,,,,,,,,,,3,3,3,3,4,3,3,2,3,4,2,3,2,3,3,2,1,2,1,3,2,2,3,2,3,5.86
10158,2,2,2,2,3,2,2,2,2,2,3,1,2,2,3,2,2,1,1,2,3,2,2,3,2,3,3,3,3,3,3,3,3,3,3,3,3,3,3,3,2,3,3,3,3,3,3,3,3,3,2,3,3,3,4,3,2,3,3,3,4,3,2,3,3,2,1,1,1,3,3,2,2,2,2,6.11
10159,3,3,3,3,3,3,2,3,3,3,2,3,3,3,3,3,2,3,2,3,3,3,3,3,2,3,2,3,3,4,4,3,3,3,3,3,3,3,3,3,3,3,3,2,4,2,2,2,2,2,3,2,3,4,4,4,3,4,4,3,4,4,3,4,4,3,3,2,3,4,2,2,2,2,2,7.44
10160,2,2,3,2,3,1,2,2,2,4,5,3,3,4,4,3,2,2,1,3,3,3,2,3,2,3,2,2,2,3,2,2,2,2,3,3,3,2,3,3,3,2,2,2,4,2,3,3,3,2,3,3,3,3,3,2,3,2,2,3,4,2,2,2,4,2,3,2,2,2,2,3,2,4,3,8.00
10161,4,2,1,2,5,3,1,5,2,5,2,4,3,4,5,2,1,1,1,5,2,2,2,1,3,,,,,,,,,,,,,,,,,,,,,,,,,,,,,,,,,,,,,,,,,,,,,,,,,,,6.63
10162,5,2,3,4,3,2,4,3,2,4,3,4,3,4,3,2,2,2,1,5,3,3,3,4,3,,,,,,,,,,,,,,,,,,,,,,,,,,,,,,,,,,,,,,,,,,,,,,,,,,,8.67
10163,2,2,2,3,1,3,1,1,2,1,1,1,1,1,1,1,1,1,1,1,4,5,4,4,1,,,,,,,,,,,,,,,,,,,,,,,,,,1,1,1,1,1,1,2,3,1,1,1,1,1,1,1,1,1,1,1,1,4,5,4,4,4,6.44
10164,3,2,2,4,5,4,2,3,3,3,3,4,3,3,4,3,3,2,2,5,1,1,2,2,2,,,,,,,,,,,,,,,,,,,,,,,,,,3,2,3,3,4,3,4,5,2,5,2,5,3,4,5,2,3,2,3,5,3,3,3,2,3,8.55
10165,4,4,4,4,4,4,2,4,3,3,3,4,4,4,4,3,2,1,2,3,3,3,3,2,2,4,3,4,4,4,2,2,2,3,4,4,2,3,4,4,1,2,2,1,4,3,4,3,3,3,4,4,4,4,4,3,2,3,3,4,4,4,4,4,4,4,2,3,2,4,2,3,4,3,3,6.63
10166,5,2,4,5,4,4,5,5,3,5,4,4,3,4,5,4,3,2,3,3,1,1,1,1,1,4,3,4,5,4,2,4,5,2,3,3,3,1,4,4,2,2,1,1,3,1,1,1,1,1,5,2,3,5,5,4,5,5,3,5,4,3,4,4,5,1,2,1,1,4,1,1,1,1,1,7.00
10167,3,4,5,5,4,5,5,4,4,4,3,4,3,4,5,3,3,2,1,4,2,3,4,3,3,4,4,3,3,4,4,4,4,4,3,4,3,4,4,5,3,3,3,2,3,3,2,3,3,2,,,,,,,,,,,,,,,,,,,,,,,,,,6.75
10168,3,1,2,3,4,3,2,3,4,5,4,5,4,5,5,4,1,1,1,4,1,1,3,1,1,,,,,,,,,,,,,,,,,,,,,,,,,,,,,,,,,,,,,,,,,,,,,,,,,,,7.15
10169,3,2,3,3,4,3,4,3,3,4,2,4,3,4,4,3,3,2,3,4,2,2,2,2,2,3,3,2,2,3,4,1,3,3,4,4,3,2,2,2,3,1,1,2,4,3,3,5,3,4,2,3,3,4,2,4,2,2,2,4,3,2,2,4,4,2,2,1,2,3,2,2,3,2,3,8.15
10170,4,4,3,3,4,5,3,4,4,5,4,3,5,5,5,4,4,4,4,4,2,3,3,2,2,4,1,3,3,5,3,2,3,3,3,4,2,3,2,5,2,3,3,2,5,2,3,1,1,5,5,2,4,5,4,4,1,3,4,4,4,3,4,4,4,4,3,3,3,5,2,2,3,2,5,6.44
10171,1,1,1,1,1,1,1,1,1,3,1,1,2,1,3,1,1,1,1,1,5,5,3,3,3,,,,,,,,,,,,,,,,,,,,,,,,,,1,1,1,1,1,1,1,1,1,1,1,1,1,1,1,1,1,1,1,1,1,1,1,1,1,7.13
10172,5,3,4,4,4,5,4,4,5,5,5,5,5,4,4,5,4,4,3,5,3,1,2,3,2,4,2,2,3,5,4,4,5,4,5,5,4,4,5,5,3,4,3,4,5,4,2,4,2,2,4,2,4,4,5,4,4,5,4,5,5,5,2,5,5,3,4,4,3,5,1,2,2,1,2,8.55
10173,5,2,4,4,5,5,3,3,4,5,4,4,4,2,5,4,3,3,3,5,2,2,2,2,3,,,,,,,,,,,,,,,,,,,,,,,,,,4,3,3,3,3,3,3,3,2,3,4,4,3,4,5,3,3,3,3,5,3,2,1,3,3,7.54
10174,3,3,2,3,5,3,2,3,2,4,3,3,3,3,4,2,2,1,1,4,2,2,3,2,2,3,3,3,3,3,3,3,3,3,3,4,3,3,4,4,3,2,2,3,4,2,2,2,2,2,4,4,3,3,3,4,3,3,3,4,4,3,3,3,4,3,2,2,2,4,2,2,3,2,2,8.00
10175,5,4,3,4,4,3,2,2,1,4,3,2,2,1,4,2,1,1,1,3,5,2,1,2,3,,,,,,,,,,,,,,,,,,,,,,,,,,,,,,,,,,,,,,,,,,,,,,,,,,,5.33
10176,4,5,5,5,4,2,3,3,3,4,3,2,3,4,4,3,3,2,2,4,3,3,3,2,3,3,4,4,4,3,1,1,2,3,3,2,3,2,2,3,2,1,1,1,3,2,2,2,3,3,,,,,,,,,,,,,,,,,,,,,,,,,,7.22
10177,2,1,1,1,2,2,2,2,1,2,2,2,2,3,3,1,1,1,1,3,2,3,3,2,3,4,2,2,4,4,4,3,3,4,4,4,3,3,3,4,1,1,1,2,3,3,2,2,2,2,4,2,3,4,4,3,3,3,3,4,3,4,4,3,4,3,1,1,1,4,2,1,3,2,2,6.56
10178,3,5,5,5,2,1,2,2,3,2,1,3,2,2,1,2,2,3,1,5,4,3,4,5,5,3,5,5,5,3,2,3,3,3,3,2,1,3,3,3,1,1,1,1,3,3,5,5,5,3,2,5,5,5,3,5,3,3,3,4,1,2,3,2,2,1,1,1,1,2,3,3,4,2,5,7.42
10179,3,4,3,4,3,3,3,3,2,3,3,2,2,2,3,2,2,1,1,2,3,4,3,5,3,3,2,3,3,2,2,3,3,3,2,2,2,3,2,2,2,1,1,1,2,4,4,4,4,3,3,3,3,4,4,4,3,3,4,4,5,3,4,4,4,4,5,5,5,4,2,2,3,3,3,6.75
10180,3,4,4,4,2,4,4,3,3,2,3,2,3,2,2,2,1,1,3,4,5,5,5,5,5,3,4,3,4,4,4,4,4,3,4,3,3,3,3,3,3,3,2,3,3,4,3,4,4,3,3,3,3,3,3,3,3,3,3,3,3,3,3,3,3,3,3,3,3,3,3,3,3,3,3,6.78
10181,3,5,5,5,5,5,2,4,5,5,4,3,2,5,5,4,1,2,3,5,1,1,2,4,2,3,5,5,5,5,5,3,2,5,4,3,2,2,3,4,2,1,1,2,5,3,3,3,3,2,5,5,5,5,4,4,4,4,5,5,3,2,4,5,5,2,1,1,1,5,3,2,5,2,5,7.10
10182,3,4,3,4,4,4,1,1,4,4,3,3,3,3,4,1,1,1,1,3,3,2,1,1,2,4,1,1,3,3,3,2,2,3,4,2,3,1,4,3,3,1,1,2,3,1,1,1,1,2,,,,,,,,,,,,,,,,,,,,,,,,,,6.90
10183,3,3,3,4,3,3,4,3,4,4,4,3,4,4,4,3,3,3,3,4,4,3,2,3,3,3,4,3,3,3,4,3,3,3,3,3,3,3,3,3,2,2,2,2,4,2,2,2,2,2,3,2,2,2,3,4,3,3,3,3,4,3,4,4,4,2,2,2,2,4,1,1,2,2,2,8.90
10184,3,3,4,4,3,2,2,4,2,4,2,3,2,2,3,3,2,2,2,3,2,2,3,3,3,3,5,5,4,4,3,4,4,3,4,2,2,2,4,4,2,2,2,3,4,3,3,3,3,4,3,4,4,4,4,2,3,3,4,3,2,2,2,3,4,3,3,2,2,3,3,3,4,4,4,7.45
10185,5,3,4,2,2,3,2,1,4,4,4,3,3,3,1,5,1,1,1,5,2,1,1,1,2,3,1,2,3,4,4,3,3,3,4,3,3,4,2,4,3,1,1,1,3,2,1,2,3,2,3,2,2,3,1,3,4,3,4,2,3,4,5,5,5,4,2,2,2,5,2,2,1,1,2,7.00
10186,3,3,3,3,3,1,2,2,2,3,3,3,3,4,4,3,1,1,1,2,3,3,2,2,3,3,3,3,3,3,3,3,3,3,3,3,3,3,3,3,3,3,3,3,3,3,3,3,3,3,2,2,2,3,4,2,4,3,2,4,4,3,2,4,5,3,1,1,1,4,3,3,3,4,2,7.11
10187,3,4,4,3,3,3,3,3,3,3,3,3,3,3,3,3,3,3,3,3,3,3,3,3,3,3,4,4,4,3,2,2,2,2,3,3,2,2,2,3,2,1,1,1,3,4,3,4,3,3,,,,,,,,,,,,,,,,,,,,,,,,,,8.30
10188,4,3,4,3,4,2,4,2,2,3,3,3,3,2,3,2,2,2,2,3,3,2,3,2,2,4,3,3,2,3,3,3,3,3,2,3,3,2,3,3,2,2,2,2,3,3,3,3,2,3,3,3,3,4,3,3,3,2,2,4,3,2,3,3,4,3,2,3,4,3,3,3,2,3,3,7.67
10189,5,5,5,5,5,5,5,5,5,5,5,5,5,5,5,5,5,5,5,5,5,5,5,5,5,2,1,1,5,1,2,1,1,1,3,5,5,5,1,5,3,5,1,1,5,1,1,1,1,1,1,5,1,5,5,1,5,5,1,5,5,5,5,1,5,5,1,5,1,5,5,1,1,1,5,5.44
10190,3,1,1,3,5,1,2,3,1,4,4,4,4,3,3,4,4,3,3,5,1,1,2,1,1,,,,,,,,,,,,,,,,,,,,,,,,,,4,2,2,4,4,3,4,5,4,5,5,4,5,4,5,4,3,3,3,5,1,1,2,1,1,7.33
10191,3,3,3,3,3,3,3,3,3,4,2,3,3,2,3,3,3,3,3,5,3,3,2,1,1,,,,,,,,,,,,,,,,,,,,,,,,,,,,,,,,,,,,,,,,,,,,,,,,,,,7.33
10192,3,2,2,3,3,3,4,3,3,3,3,2,3,3,4,2,3,2,3,3,2,2,3,3,2,,,,,,,,,,,,,,,,,,,,,,,,,,4,4,2,4,3,2,1,1,4,4,3,3,2,3,4,2,2,1,1,4,3,3,3,2,2,7.46
10193,2,2,2,3,3,4,2,2,3,4,3,3,3,4,3,3,1,1,1,4,2,2,2,1,2,,,,,,,,,,,,,,,,,,,,,,,,,,3,2,2,4,3,4,4,4,4,5,4,3,4,4,4,3,2,2,2,5,1,1,1,2,1,7.17
10194,,,,,,,,,,,,,,,,,,,,,,,,,,4,1,3,4,5,4,4,4,4,5,5,5,5,5,5,4,4,4,3,5,1,1,1,1,1,5,2,3,5,4,3,3,4,3,5,5,4,5,4,5,5,4,4,4,5,1,1,1,1,1,7.91
10195,,,,,,,,,,,,,,,,,,,,,,,,,,3,4,5,5,5,5,5,4,5,5,2,4,3,4,5,3,1,1,1,5,1,2,3,2,2,5,4,5,5,5,5,2,2,5,5,3,4,4,4,5,4,3,1,1,5,3,1,2,1,4,8.82
10196,,,,,,,,,,,,,,,,,,,,,,,,,,3,1,2,4,4,5,2,3,3,4,3,4,3,2,5,2,1,2,1,5,1,2,3,2,1,3,1,2,3,4,4,2,1,5,5,2,2,1,4,5,1,1,1,1,5,1,1,3,1,2,8.56
10197,,,,,,,,,,,,,,,,,,,,,,,,,,3,3,2,2,4,1,3,3,2,4,1,1,2,2,5,1,1,1,1,5,3,3,1,3,3,,,,,,,,,,,,,,,,,,,,,,,,,,6.00
10198,,,,,,,,,,,,,,,,,,,,,,,,,,4,3,3,4,4,4,2,3,3,2,2,3,2,4,3,4,1,1,1,3,2,1,2,2,2,4,3,3,4,4,4,2,3,4,4,3,2,3,4,5,2,1,2,1,5,2,3,4,3,2,7.11
10199,,,,,,,,,,,,,,,,,,,,,,,,,,4,1,3,4,5,3,5,4,3,4,3,4,3,3,4,3,2,2,3,5,2,1,2,2,2,3,2,3,2,4,3,3,3,2,5,4,4,4,4,5,4,3,3,3,5,1,1,1,1,2,8.64
10200,,,,,,,,,,,,,,,,,,,,,,,,,,4,2,3,3,3,1,4,3,2,2,2,1,3,1,1,2,2,2,1,1,4,2,4,1,5,,,,,,,,,,,,,,,,,,,,,,,,,,8.18
10201,,,,,,,,,,,,,,,,,,,,,,,,,,4,4,4,4,4,4,4,4,4,4,4,4,4,4,4,3,2,2,2,5,2,2,2,1,2,4,3,3,3,4,4,4,3,4,4,3,4,4,3,4,3,2,2,2,4,2,1,3,2,3,7.75
10202,,,,,,,,,,,,,,,,,,,,,,,,,,3,3,4,3,4,4,3,4,3,3,3,2,3,3,3,3,1,1,1,3,4,2,2,3,3,4,4,5,4,4,4,4,3,3,4,3,2,3,3,4,1,1,2,1,3,4,2,2,2,3,6.13
10204,,,,,,,,,,,,,,,,,,,,,,,,,,4,4,3,5,3,4,5,5,5,5,4,4,3,4,4,3,2,1,2,5,3,2,3,3,3,4,4,5,5,4,4,5,5,4,4,3,4,4,4,3,3,3,2,5,4,4,3,3,3,3,6.40
10205,,,,,,,,,,,,,,,,,,,,,,,,,,1,3,2,2,2,2,1,2,2,2,2,2,2,2,2,1,1,1,1,2,4,4,3,3,3,3,4,4,3,3,2,2,2,2,3,2,2,3,3,3,2,1,1,1,3,3,3,3,3,3,7.33
10207,,,,,,,,,,,,,,,,,,,,,,,,,,3,3,3,3,3,3,3,3,3,3,3,3,3,3,3,3,3,1,3,3,3,3,3,3,3,,,,,,,,,,,,,,,,,,,,,,,,,,6.00
10208,,,,,,,,,,,,,,,,,,,,,,,,,,4,1,2,4,5,3,5,5,3,5,5,5,4,5,5,3,3,4,3,5,1,1,1,1,1,,,,,,,,,,,,,,,,,,,,,,,,,,8.00
10209,,,,,,,,,,,,,,,,,,,,,,,,,,4,2,2,2,4,2,2,1,1,4,2,4,3,3,4,2,1,1,1,4,1,1,1,1,1,4,1,4,3,5,2,3,2,1,5,2,5,3,5,5,2,1,1,1,4,1,1,2,1,1,7.83
10210,,,,,,,,,,,,,,,,,,,,,,,,,,5,2,4,5,5,3,4,4,4,4,5,4,1,4,5,3,3,3,3,4,2,1,3,1,2,3,3,3,4,4,4,4,4,4,5,5,3,3,4,5,4,3,3,3,5,3,2,4,2,2,7.00
10211,,,,,,,,,,,,,,,,,,,,,,,,,,4,4,4,4,4,4,4,5,4,4,4,4,4,4,4,4,2,2,2,4,4,1,3,3,3,4,3,4,4,5,4,5,4,4,5,4,3,4,4,5,4,3,2,2,5,1,1,3,4,2,7.40
10212,,,,,,,,,,,,,,,,,,,,,,,,,,2,2,2,2,3,2,2,2,1,3,2,2,3,2,2,2,2,1,1,2,4,2,2,3,2,1,1,2,2,2,1,1,2,1,2,2,2,2,3,3,1,1,1,1,1,4,3,3,3,4,6.67
10214,,,,,,,,,,,,,,,,,,,,,,,,,,4,4,4,4,4,4,5,4,5,5,3,5,4,3,3,3,1,1,1,5,4,2,4,4,4,,,,,,,,,,,,,,,,,,,,,,,,,,7.11
10215,,,,,,,,,,,,,,,,,,,,,,,,,,3,3,3,3,4,3,3,3,3,4,3,3,3,3,4,4,3,2,3,5,3,3,3,2,3,2,3,3,3,4,3,2,2,3,4,2,1,3,3,4,3,1,2,1,3,3,3,3,3,3,7.25
10216,,,,,,,,,,,,,,,,,,,,,,,,,,2,2,3,3,4,4,2,3,4,2,3,4,3,4,4,3,2,2,3,3,4,2,2,2,2,2,2,2,2,2,4,2,2,3,3,3,3,3,3,4,3,1,1,1,3,2,2,4,1,2,8.80
10218,,,,,,,,,,,,,,,,,,,,,,,,,,5,1,4,5,5,5,1,5,5,5,5,5,5,5,5,5,3,5,5,5,1,1,5,1,1,,,,,,,,,,,,,,,,,,,,,,,,,,5.44
10219,,,,,,,,,,,,,,,,,,,,,,,,,,3,4,4,4,4,3,4,3,3,4,3,4,3,3,4,3,2,2,2,4,2,2,2,3,2,3,3,4,3,4,4,3,3,4,5,4,3,4,3,5,3,2,2,2,4,2,2,2,2,2,7.40
10220,,,,,,,,,,,,,,,,,,,,,,,,,,3,2,4,2,3,3,1,2,2,3,3,4,3,4,3,3,2,2,2,3,1,2,4,3,4,3,2,5,4,4,3,2,1,1,3,2,5,4,4,4,3,1,1,1,4,2,2,2,1,3,7.70
10221,,,,,,,,,,,,,,,,,,,,,,,,,,3,2,2,2,4,4,3,4,3,3,5,5,5,5,5,5,5,4,3,2,1,1,1,1,1,,,,,,,,,,,,,,,,,,,,,,,,,,8.08
10223,,,,,,,,,,,,,,,,,,,,,,,,,,3,5,5,5,5,4,4,3,4,5,4,4,4,5,5,4,3,2,2,5,1,1,1,1,2,,,,,,,,,,,,,,,,,,,,,,,,,,8.55
10225,,,,,,,,,,,,,,,,,,,,,,,,,,3,3,2,3,3,3,3,3,2,3,2,2,2,2,3,3,2,2,2,4,4,3,3,3,3,3,3,3,4,3,2,2,2,2,3,2,3,2,3,3,2,1,2,2,3,3,3,3,3,3,5.50
10226,,,,,,,,,,,,,,,,,,,,,,,,,,3,3,4,5,4,5,2,1,5,4,4,3,3,4,5,3,1,1,1,5,2,2,2,2,5,,,,,,,,,,,,,,,,,,,,,,,,,,8.73
10227,,,,,,,,,,,,,,,,,,,,,,,,,,5,4,4,5,5,5,5,5,4,5,4,5,5,5,5,5,3,3,3,5,1,1,1,1,1,5,4,4,5,5,4,3,4,3,5,3,5,5,5,5,5,4,3,3,5,1,1,3,1,1,8.40
10228,,,,,,,,,,,,,,,,,,,,,,,,,,3,3,5,3,4,5,2,3,4,3,5,4,4,5,4,4,3,3,3,4,2,2,3,2,2,4,2,2,3,3,2,2,2,3,3,4,4,4,3,4,3,4,4,3,3,2,2,3,2,3,5.33
10230,,,,,,,,,,,,,,,,,,,,,,,,,,5,3,4,4,4,4,4,4,4,4,3,4,3,4,4,2,1,2,2,3,3,3,3,3,3,,,,,,,,,,,,,,,,,,,,,,,,,,7.45
10231,,,,,,,,,,,,,,,,,,,,,,,,,,2,3,1,1,1,1,1,1,1,1,1,1,1,2,1,1,1,1,1,2,3,3,3,1,1,2,3,2,2,1,3,1,1,1,1,2,2,3,2,1,1,1,1,1,1,4,4,2,3,3,5.38
10232,,,,,,,,,,,,,,,,,,,,,,,,,,3,2,3,5,3,4,4,5,4,2,3,4,5,5,4,3,2,2,1,3,1,1,3,1,1,3,1,2,2,5,2,3,2,3,4,3,4,5,5,5,3,2,1,1,5,2,1,1,2,1,6.00
10233,,,,,,,,,,,,,,,,,,,,,,,,,,4,4,4,5,3,3,4,4,3,4,5,3,3,5,4,3,2,1,1,3,4,2,3,2,3,,,,,,,,,,,,,,,,,,,,,,,,,,8.70
10234,,,,,,,,,,,,,,,,,,,,,,,,,,5,5,5,5,5,5,5,5,5,5,5,5,5,5,5,5,5,5,5,5,5,5,5,5,5,,,,,,,,,,,,,,,,,,,,,,,,,,6.67
10235,,,,,,,,,,,,,,,,,,,,,,,,,,3,4,4,4,2,2,3,3,1,2,2,2,3,2,2,1,2,1,1,2,1,3,1,2,2,,,,,,,,,,,,,,,,,,,,,,,,,,6.22
10236,,,,,,,,,,,,,,,,,,,,,,,,,,3,2,2,3,4,3,3,1,3,4,2,3,3,4,4,2,2,1,3,3,3,3,2,2,4,2,2,3,2,4,1,2,1,1,3,3,4,2,4,4,2,1,1,2,3,4,3,3,1,3,7.44
10237,,,,,,,,,,,,,,,,,,,,,,,,,,1,2,3,2,3,1,3,3,2,5,4,3,2,3,5,3,4,1,3,3,5,1,3,3,2,3,2,2,3,5,3,3,4,3,4,4,4,3,4,5,1,3,1,3,5,3,3,3,4,3,5.75
10238,,,,,,,,,,,,,,,,,,,,,,,,,,4,3,3,5,3,3,3,3,2,5,2,3,3,4,5,5,1,1,1,5,1,1,2,1,1,,,,,,,,,,,,,,,,,,,,,,,,,,6.92
10239,,,,,,,,,,,,,,,,,,,,,,,,,,1,1,2,2,4,1,2,1,1,4,1,4,5,3,4,5,3,4,4,5,1,1,1,1,1,,,,,,,,,,,,,,,,,,,,,,,,,,7.08
10240,,,,,,,,,,,,,,,,,,,,,,,,,,5,4,5,4,4,4,4,5,4,5,4,4,3,4,4,3,3,3,3,5,1,2,3,3,2,4,4,4,4,4,3,5,5,3,4,4,3,4,4,4,3,3,3,3,5,2,3,2,2,2,7.90
10241,,,,,,,,,,,,,,,,,,,,,,,,,,3,2,3,3,3,3,4,4,1,5,5,5,4,4,4,3,1,1,1,5,2,1,2,1,2,,,,,,,,,,,,,,,,,,,,,,,,,,6.75
10242,,,,,,,,,,,,,,,,,,,,,,,,,,3,3,3,3,3,3,3,3,3,3,3,3,2,3,3,3,2,1,1,4,3,3,3,3,4,,,,,,,,,,,,,,,,,,,,,,,,,,6.33
10243,,,,,,,,,,,,,,,,,,,,,,,,,,,,,,,,,,,,,,,,,,,,,,,,,,,3,3,2,4,2,2,2,3,3,3,2,2,3,2,3,2,1,2,3,3,3,3,3,2,3,5.25
10244,,,,,,,,,,,,,,,,,,,,,,,,,,,,,,,,,,,,,,,,,,,,,,,,,,,3,2,3,4,5,4,3,2,3,4,3,4,3,5,5,3,2,3,2,5,1,1,1,1,1,8.10
10245,,,,,,,,,,,,,,,,,,,,,,,,,,,,,,,,,,,,,,,,,,,,,,,,,,,3,2,2,2,3,3,3,3,3,3,2,3,3,3,3,2,2,2,2,2,1,1,2,1,2,7.22
10246,,,,,,,,,,,,,,,,,,,,,,,,,,,,,,,,,,,,,,,,,,,,,,,,,,,2,2,1,2,1,1,1,1,2,3,1,1,1,3,3,1,1,1,1,2,1,1,1,1,2,8.18
10248,,,,,,,,,,,,,,,,,,,,,,,,,,,,,,,,,,,,,,,,,,,,,,,,,,,3,3,3,3,3,3,3,3,3,3,3,3,3,3,3,3,3,2,3,4,3,3,3,3,4,7.00
10249,,,,,,,,,,,,,,,,,,,,,,,,,,,,,,,,,,,,,,,,,,,,,,,,,,,3,4,4,3,4,3,2,2,3,4,3,4,4,3,4,2,3,3,1,4,2,3,1,1,1,5.63
10250,,,,,,,,,,,,,,,,,,,,,,,,,,,,,,,,,,,,,,,,,,,,,,,,,,,2,3,3,3,3,4,3,2,2,3,3,3,1,1,5,2,1,1,1,4,3,3,3,2,2,6.33
10252,,,,,,,,,,,,,,,,,,,,,,,,,,,,,,,,,,,,,,,,,,,,,,,,,,,3,3,3,3,3,3,3,3,4,3,4,3,3,3,3,3,3,3,4,4,2,3,3,3,3,7.22
10253,,,,,,,,,,,,,,,,,,,,,,,,,,,,,,,,,,,,,,,,,,,,,,,,,,,3,4,3,4,4,3,4,4,4,4,4,3,4,4,4,3,3,2,3,4,2,2,3,3,2,7.45
10254,,,,,,,,,,,,,,,,,,,,,,,,,,,,,,,,,,,,,,,,,,,,,,,,,,,5,4,1,4,5,5,5,4,5,5,5,4,5,5,5,3,2,2,2,5,3,1,4,4,3,5.38
10257,,,,,,,,,,,,,,,,,,,,,,,,,,,,,,,,,,,,,,,,,,,,,,,,,,,3,3,3,3,3,3,3,3,3,3,3,3,3,3,3,3,3,3,3,3,3,3,3,3,3,7.31
10258,,,,,,,,,,,,,,,,,,,,,,,,,,,,,,,,,,,,,,,,,,,,,,,,,,,4,3,3,3,5,5,4,4,5,5,3,4,3,4,5,3,1,1,2,5,2,1,2,3,2,7.58